INSERT INTO categories (category_id, name) VALUES (1, 'purpose');
INSERT INTO categories (category_id, name) VALUES (2, 'brother');
INSERT INTO categories (category_id, name) VALUES (3, 'ago');
INSERT INTO categories (category_id, name) VALUES (4, 'site');
INSERT INTO categories (category_id, name) VALUES (5, 'face');
INSERT INTO categories (category_id, name) VALUES (6, 'election');
INSERT INTO categories (category_id, name) VALUES (7, 'dog');
INSERT INTO categories (category_id, name) VALUES (8, 'chair');
INSERT INTO categories (category_id, name) VALUES (9, 'since');
INSERT INTO categories (category_id, name) VALUES (10, 'blue');
INSERT INTO customers (customer_id, name, email, registration_date) VALUES (1, 'Stephanie Miller', 'johnsonjeffery@hotmail.com', 2024-07-18);
INSERT INTO customers (customer_id, name, email, registration_date) VALUES (2, 'Cristian Santos', 'shaneramirez@gmail.com', 2024-11-17);
INSERT INTO customers (customer_id, name, email, registration_date) VALUES (3, 'Melissa Peterson', 'susanrogers@james.com', 2024-07-19);
INSERT INTO customers (customer_id, name, email, registration_date) VALUES (4, 'Andrew Stevens', 'smiller@montgomery.com', 2023-05-13);
INSERT INTO customers (customer_id, name, email, registration_date) VALUES (5, 'Patricia Galloway', 'jamesshawn@martin-kelly.com', 2024-10-04);
INSERT INTO customers (customer_id, name, email, registration_date) VALUES (6, 'Maria Lynch', 'frankgray@watts.com', 2023-10-02);
INSERT INTO customers (customer_id, name, email, registration_date) VALUES (7, 'Renee Morales', 'robinbradley@edwards.info', 2023-07-27);
INSERT INTO customers (customer_id, name, email, registration_date) VALUES (8, 'David Hoffman', 'zhurst@yahoo.com', 2023-09-25);
INSERT INTO customers (customer_id, name, email, registration_date) VALUES (9, 'Brenda Snyder PhD', 'courtneyconner@carlson-cruz.org', 2024-04-05);
INSERT INTO customers (customer_id, name, email, registration_date) VALUES (10, 'Tricia Valencia', 'maldonadoamanda@mack-peterson.com', 2024-03-10);
INSERT INTO customers (customer_id, name, email, registration_date) VALUES (11, 'Aaron Bowen', 'williamrodriguez@hotmail.com', 2023-11-25);
INSERT INTO customers (customer_id, name, email, registration_date) VALUES (12, 'Katie Gonzalez', 'amberosborne@hotmail.com', 2025-03-21);
INSERT INTO customers (customer_id, name, email, registration_date) VALUES (13, 'Fred Smith', 'john39@gmail.com', 2023-06-13);
INSERT INTO customers (customer_id, name, email, registration_date) VALUES (14, 'Rose Spence', 'donnaarroyo@baker.biz', 2023-09-19);
INSERT INTO customers (customer_id, name, email, registration_date) VALUES (15, 'Nicole Vaughn', 'pcarney@yahoo.com', 2024-03-13);
INSERT INTO customers (customer_id, name, email, registration_date) VALUES (16, 'Jocelyn Wright', 'andrew83@robinson.com', 2023-05-30);
INSERT INTO customers (customer_id, name, email, registration_date) VALUES (17, 'Shannon Jones', 'elizabeth38@cummings.org', 2024-04-09);
INSERT INTO customers (customer_id, name, email, registration_date) VALUES (18, 'John Russell', 'hopkinsmichael@owens-daniel.com', 2023-05-25);
INSERT INTO customers (customer_id, name, email, registration_date) VALUES (19, 'Gerald Hensley', 'jameswest@white-ford.com', 2024-03-17);
INSERT INTO customers (customer_id, name, email, registration_date) VALUES (20, 'Savannah Garcia', 'housemelinda@russell.com', 2025-02-07);
INSERT INTO customers (customer_id, name, email, registration_date) VALUES (21, 'Anthony Gray', 'sara74@yahoo.com', 2024-09-30);
INSERT INTO customers (customer_id, name, email, registration_date) VALUES (22, 'Whitney Peters', 'jamesrobinson@gmail.com', 2024-06-30);
INSERT INTO customers (customer_id, name, email, registration_date) VALUES (23, 'Amy Edwards', 'hshaw@brown.com', 2025-01-28);
INSERT INTO customers (customer_id, name, email, registration_date) VALUES (24, 'Kurt Leonard', 'kwilson@riley.org', 2023-06-10);
INSERT INTO customers (customer_id, name, email, registration_date) VALUES (25, 'Kevin Mills', 'elizabethedwards@yahoo.com', 2024-02-09);
INSERT INTO customers (customer_id, name, email, registration_date) VALUES (26, 'Matthew Bryant', 'ellisyolanda@jones.net', 2023-10-30);
INSERT INTO customers (customer_id, name, email, registration_date) VALUES (27, 'Gregory Jones', 'justin78@turner.net', 2023-04-14);
INSERT INTO customers (customer_id, name, email, registration_date) VALUES (28, 'Kristen Huynh', 'josephpreston@tran.com', 2023-09-13);
INSERT INTO customers (customer_id, name, email, registration_date) VALUES (29, 'Sarah Wagner', 'davisrodney@yahoo.com', 2023-05-12);
INSERT INTO customers (customer_id, name, email, registration_date) VALUES (30, 'Ray Walsh', 'joycearnold@yahoo.com', 2024-06-16);
INSERT INTO customers (customer_id, name, email, registration_date) VALUES (31, 'Benjamin Ware', 'davenportbrandi@jordan.com', 2024-01-16);
INSERT INTO customers (customer_id, name, email, registration_date) VALUES (32, 'Rebecca Valencia', 'evelynestrada@yahoo.com', 2024-12-03);
INSERT INTO customers (customer_id, name, email, registration_date) VALUES (33, 'Shelly Dickson', 'michellecherry@keith.com', 2024-10-31);
INSERT INTO customers (customer_id, name, email, registration_date) VALUES (34, 'Rachel Jenkins', 'erik16@garrison.com', 2025-01-01);
INSERT INTO customers (customer_id, name, email, registration_date) VALUES (35, 'Hannah Hoover', 'andrewlee@ramirez-jones.com', 2024-01-05);
INSERT INTO customers (customer_id, name, email, registration_date) VALUES (36, 'Jennifer Zavala', 'wilsontara@gmail.com', 2024-07-01);
INSERT INTO customers (customer_id, name, email, registration_date) VALUES (37, 'Deborah Rodriguez', 'jessica56@hotmail.com', 2024-05-09);
INSERT INTO customers (customer_id, name, email, registration_date) VALUES (38, 'Steven Lee', 'zsmith@mcdaniel.com', 2024-01-15);
INSERT INTO customers (customer_id, name, email, registration_date) VALUES (39, 'Travis Mccall', 'cortezkevin@yahoo.com', 2024-09-06);
INSERT INTO customers (customer_id, name, email, registration_date) VALUES (40, 'James Phillips', 'robertbentley@adkins.biz', 2024-06-06);
INSERT INTO customers (customer_id, name, email, registration_date) VALUES (41, 'Elizabeth Clark', 'rramos@gmail.com', 2024-05-09);
INSERT INTO customers (customer_id, name, email, registration_date) VALUES (42, 'Steven Flynn', 'campbellelizabeth@rogers.com', 2023-09-29);
INSERT INTO customers (customer_id, name, email, registration_date) VALUES (43, 'Brittany Williams', 'gibsonolivia@hotmail.com', 2023-09-06);
INSERT INTO customers (customer_id, name, email, registration_date) VALUES (44, 'Janet Ross', 'staffordmichelle@osborne.com', 2024-12-22);
INSERT INTO customers (customer_id, name, email, registration_date) VALUES (45, 'Kelly Williams', 'bryantlaurie@schmidt.info', 2024-07-26);
INSERT INTO customers (customer_id, name, email, registration_date) VALUES (46, 'Stephanie Simmons', 'juliawells@yahoo.com', 2024-11-11);
INSERT INTO customers (customer_id, name, email, registration_date) VALUES (47, 'Mark Cannon', 'joshuajones@yahoo.com', 2023-10-07);
INSERT INTO customers (customer_id, name, email, registration_date) VALUES (48, 'Francisco Fernandez', 'jessebenson@lewis.info', 2024-02-24);
INSERT INTO customers (customer_id, name, email, registration_date) VALUES (49, 'Ross Price', 'wwoods@molina-castaneda.biz', 2024-05-30);
INSERT INTO customers (customer_id, name, email, registration_date) VALUES (50, 'Kimberly Morrison', 'brobinson@johnson-rogers.biz', 2024-10-21);
INSERT INTO products (product_id, name, price, category_id) VALUES (1, 'Company', 664, 2);
INSERT INTO products (product_id, name, price, category_id) VALUES (2, 'Though', 35, 5);
INSERT INTO products (product_id, name, price, category_id) VALUES (3, 'Manage', 260, 4);
INSERT INTO products (product_id, name, price, category_id) VALUES (4, 'Wide', 152, 2);
INSERT INTO products (product_id, name, price, category_id) VALUES (5, 'Care', 702, 9);
INSERT INTO products (product_id, name, price, category_id) VALUES (6, 'Prevent', 99, 10);
INSERT INTO products (product_id, name, price, category_id) VALUES (7, 'None', 442, 1);
INSERT INTO products (product_id, name, price, category_id) VALUES (8, 'Agreement', 40, 2);
INSERT INTO products (product_id, name, price, category_id) VALUES (9, 'What', 233, 4);
INSERT INTO products (product_id, name, price, category_id) VALUES (10, 'Indeed', 527, 10);
INSERT INTO products (product_id, name, price, category_id) VALUES (11, 'Person', 37, 9);
INSERT INTO products (product_id, name, price, category_id) VALUES (12, 'Organization', 213, 9);
INSERT INTO products (product_id, name, price, category_id) VALUES (13, 'Recognize', 439, 4);
INSERT INTO products (product_id, name, price, category_id) VALUES (14, 'Agreement', 469, 10);
INSERT INTO products (product_id, name, price, category_id) VALUES (15, 'Because', 294, 1);
INSERT INTO products (product_id, name, price, category_id) VALUES (16, 'Question', 787, 3);
INSERT INTO products (product_id, name, price, category_id) VALUES (17, 'Later', 724, 7);
INSERT INTO products (product_id, name, price, category_id) VALUES (18, 'Central', 358, 5);
INSERT INTO products (product_id, name, price, category_id) VALUES (19, 'Trial', 169, 4);
INSERT INTO products (product_id, name, price, category_id) VALUES (20, 'Main', 990, 6);
INSERT INTO products (product_id, name, price, category_id) VALUES (21, 'Court', 114, 2);
INSERT INTO products (product_id, name, price, category_id) VALUES (22, 'Apply', 399, 2);
INSERT INTO products (product_id, name, price, category_id) VALUES (23, 'Ever', 377, 6);
INSERT INTO products (product_id, name, price, category_id) VALUES (24, 'Hundred', 628, 5);
INSERT INTO products (product_id, name, price, category_id) VALUES (25, 'Generation', 836, 1);
INSERT INTO products (product_id, name, price, category_id) VALUES (26, 'Development', 757, 8);
INSERT INTO products (product_id, name, price, category_id) VALUES (27, 'Look', 559, 2);
INSERT INTO products (product_id, name, price, category_id) VALUES (28, 'General', 954, 7);
INSERT INTO products (product_id, name, price, category_id) VALUES (29, 'Green', 90, 9);
INSERT INTO products (product_id, name, price, category_id) VALUES (30, 'Sort', 310, 10);
INSERT INTO products (product_id, name, price, category_id) VALUES (31, 'Until', 916, 6);
INSERT INTO products (product_id, name, price, category_id) VALUES (32, 'Hundred', 601, 4);
INSERT INTO products (product_id, name, price, category_id) VALUES (33, 'Fall', 731, 2);
INSERT INTO products (product_id, name, price, category_id) VALUES (34, 'Soldier', 56, 4);
INSERT INTO products (product_id, name, price, category_id) VALUES (35, 'Theory', 801, 5);
INSERT INTO products (product_id, name, price, category_id) VALUES (36, 'Know', 91, 4);
INSERT INTO products (product_id, name, price, category_id) VALUES (37, 'Entire', 897, 2);
INSERT INTO products (product_id, name, price, category_id) VALUES (38, 'They', 399, 5);
INSERT INTO products (product_id, name, price, category_id) VALUES (39, 'Beat', 474, 6);
INSERT INTO products (product_id, name, price, category_id) VALUES (40, 'Many', 176, 6);
INSERT INTO products (product_id, name, price, category_id) VALUES (41, 'After', 373, 4);
INSERT INTO products (product_id, name, price, category_id) VALUES (42, 'So', 696, 5);
INSERT INTO products (product_id, name, price, category_id) VALUES (43, 'Notice', 728, 2);
INSERT INTO products (product_id, name, price, category_id) VALUES (44, 'Area', 633, 3);
INSERT INTO products (product_id, name, price, category_id) VALUES (45, 'Hard', 556, 4);
INSERT INTO products (product_id, name, price, category_id) VALUES (46, 'Door', 177, 8);
INSERT INTO products (product_id, name, price, category_id) VALUES (47, 'Rate', 398, 5);
INSERT INTO products (product_id, name, price, category_id) VALUES (48, 'Authority', 957, 9);
INSERT INTO products (product_id, name, price, category_id) VALUES (49, 'Statement', 234, 6);
INSERT INTO products (product_id, name, price, category_id) VALUES (50, 'Reach', 873, 1);
INSERT INTO products (product_id, name, price, category_id) VALUES (51, 'Amount', 244, 1);
INSERT INTO products (product_id, name, price, category_id) VALUES (52, 'Somebody', 834, 6);
INSERT INTO products (product_id, name, price, category_id) VALUES (53, 'Allow', 420, 5);
INSERT INTO products (product_id, name, price, category_id) VALUES (54, 'End', 77, 4);
INSERT INTO products (product_id, name, price, category_id) VALUES (55, 'Decision', 945, 10);
INSERT INTO products (product_id, name, price, category_id) VALUES (56, 'Those', 907, 6);
INSERT INTO products (product_id, name, price, category_id) VALUES (57, 'Again', 227, 8);
INSERT INTO products (product_id, name, price, category_id) VALUES (58, 'Pretty', 415, 8);
INSERT INTO products (product_id, name, price, category_id) VALUES (59, 'Claim', 156, 5);
INSERT INTO products (product_id, name, price, category_id) VALUES (60, 'Edge', 152, 4);
INSERT INTO products (product_id, name, price, category_id) VALUES (61, 'Card', 772, 9);
INSERT INTO products (product_id, name, price, category_id) VALUES (62, 'Material', 561, 5);
INSERT INTO products (product_id, name, price, category_id) VALUES (63, 'Relationship', 774, 10);
INSERT INTO products (product_id, name, price, category_id) VALUES (64, 'Building', 448, 10);
INSERT INTO products (product_id, name, price, category_id) VALUES (65, 'Organization', 418, 6);
INSERT INTO products (product_id, name, price, category_id) VALUES (66, 'Yourself', 234, 3);
INSERT INTO products (product_id, name, price, category_id) VALUES (67, 'Discover', 531, 8);
INSERT INTO products (product_id, name, price, category_id) VALUES (68, 'Make', 103, 1);
INSERT INTO products (product_id, name, price, category_id) VALUES (69, 'Scene', 891, 2);
INSERT INTO products (product_id, name, price, category_id) VALUES (70, 'Establish', 166, 3);
INSERT INTO products (product_id, name, price, category_id) VALUES (71, 'Speak', 821, 7);
INSERT INTO products (product_id, name, price, category_id) VALUES (72, 'Home', 620, 2);
INSERT INTO products (product_id, name, price, category_id) VALUES (73, 'Computer', 404, 7);
INSERT INTO products (product_id, name, price, category_id) VALUES (74, 'Police', 620, 8);
INSERT INTO products (product_id, name, price, category_id) VALUES (75, 'Policy', 551, 5);
INSERT INTO products (product_id, name, price, category_id) VALUES (76, 'Small', 576, 1);
INSERT INTO products (product_id, name, price, category_id) VALUES (77, 'Serious', 706, 2);
INSERT INTO products (product_id, name, price, category_id) VALUES (78, 'Building', 708, 9);
INSERT INTO products (product_id, name, price, category_id) VALUES (79, 'Star', 778, 5);
INSERT INTO products (product_id, name, price, category_id) VALUES (80, 'Tell', 797, 6);
INSERT INTO products (product_id, name, price, category_id) VALUES (81, 'Common', 124, 5);
INSERT INTO products (product_id, name, price, category_id) VALUES (82, 'Foreign', 455, 3);
INSERT INTO products (product_id, name, price, category_id) VALUES (83, 'Box', 474, 1);
INSERT INTO products (product_id, name, price, category_id) VALUES (84, 'Particular', 986, 5);
INSERT INTO products (product_id, name, price, category_id) VALUES (85, 'Agree', 522, 3);
INSERT INTO products (product_id, name, price, category_id) VALUES (86, 'Woman', 529, 2);
INSERT INTO products (product_id, name, price, category_id) VALUES (87, 'Forget', 901, 5);
INSERT INTO products (product_id, name, price, category_id) VALUES (88, 'Parent', 871, 9);
INSERT INTO products (product_id, name, price, category_id) VALUES (89, 'Research', 633, 4);
INSERT INTO products (product_id, name, price, category_id) VALUES (90, 'Whatever', 166, 6);
INSERT INTO products (product_id, name, price, category_id) VALUES (91, 'How', 790, 3);
INSERT INTO products (product_id, name, price, category_id) VALUES (92, 'Industry', 562, 9);
INSERT INTO products (product_id, name, price, category_id) VALUES (93, 'Year', 950, 1);
INSERT INTO products (product_id, name, price, category_id) VALUES (94, 'Senior', 623, 6);
INSERT INTO products (product_id, name, price, category_id) VALUES (95, 'Decide', 510, 1);
INSERT INTO products (product_id, name, price, category_id) VALUES (96, 'Bag', 124, 6);
INSERT INTO products (product_id, name, price, category_id) VALUES (97, 'Person', 909, 5);
INSERT INTO products (product_id, name, price, category_id) VALUES (98, 'Rock', 255, 1);
INSERT INTO products (product_id, name, price, category_id) VALUES (99, 'Then', 256, 10);
INSERT INTO products (product_id, name, price, category_id) VALUES (100, 'Product', 979, 2);
INSERT INTO orders (order_id, customer_id, order_date, status) VALUES (1, 6, 2024-07-10, 'cancelled');
INSERT INTO orders (order_id, customer_id, order_date, status) VALUES (2, 5, 2024-05-16, 'shipped');
INSERT INTO orders (order_id, customer_id, order_date, status) VALUES (3, 9, 2025-01-02, 'cancelled');
INSERT INTO orders (order_id, customer_id, order_date, status) VALUES (4, 36, 2025-02-01, 'shipped');
INSERT INTO orders (order_id, customer_id, order_date, status) VALUES (5, 17, 2024-08-02, 'cancelled');
INSERT INTO orders (order_id, customer_id, order_date, status) VALUES (6, 14, 2025-03-03, 'shipped');
INSERT INTO orders (order_id, customer_id, order_date, status) VALUES (7, 46, 2024-12-28, 'delivered');
INSERT INTO orders (order_id, customer_id, order_date, status) VALUES (8, 26, 2024-11-26, 'delivered');
INSERT INTO orders (order_id, customer_id, order_date, status) VALUES (9, 29, 2025-02-13, 'cancelled');
INSERT INTO orders (order_id, customer_id, order_date, status) VALUES (10, 8, 2024-05-24, 'shipped');
INSERT INTO orders (order_id, customer_id, order_date, status) VALUES (11, 15, 2025-02-10, 'processing');
INSERT INTO orders (order_id, customer_id, order_date, status) VALUES (12, 22, 2024-11-12, 'processing');
INSERT INTO orders (order_id, customer_id, order_date, status) VALUES (13, 38, 2025-02-04, 'shipped');
INSERT INTO orders (order_id, customer_id, order_date, status) VALUES (14, 38, 2024-04-22, 'shipped');
INSERT INTO orders (order_id, customer_id, order_date, status) VALUES (15, 1, 2024-08-19, 'processing');
INSERT INTO orders (order_id, customer_id, order_date, status) VALUES (16, 46, 2024-10-30, 'processing');
INSERT INTO orders (order_id, customer_id, order_date, status) VALUES (17, 15, 2024-09-20, 'processing');
INSERT INTO orders (order_id, customer_id, order_date, status) VALUES (18, 3, 2024-12-19, 'delivered');
INSERT INTO orders (order_id, customer_id, order_date, status) VALUES (19, 5, 2024-08-28, 'shipped');
INSERT INTO orders (order_id, customer_id, order_date, status) VALUES (20, 18, 2024-05-03, 'cancelled');
INSERT INTO orders (order_id, customer_id, order_date, status) VALUES (21, 14, 2024-10-20, 'shipped');
INSERT INTO orders (order_id, customer_id, order_date, status) VALUES (22, 47, 2024-12-14, 'cancelled');
INSERT INTO orders (order_id, customer_id, order_date, status) VALUES (23, 16, 2024-08-17, 'cancelled');
INSERT INTO orders (order_id, customer_id, order_date, status) VALUES (24, 27, 2024-04-11, 'shipped');
INSERT INTO orders (order_id, customer_id, order_date, status) VALUES (25, 7, 2025-03-02, 'processing');
INSERT INTO orders (order_id, customer_id, order_date, status) VALUES (26, 43, 2024-09-17, 'cancelled');
INSERT INTO orders (order_id, customer_id, order_date, status) VALUES (27, 23, 2025-02-20, 'cancelled');
INSERT INTO orders (order_id, customer_id, order_date, status) VALUES (28, 27, 2024-10-14, 'cancelled');
INSERT INTO orders (order_id, customer_id, order_date, status) VALUES (29, 47, 2024-05-17, 'processing');
INSERT INTO orders (order_id, customer_id, order_date, status) VALUES (30, 44, 2024-09-22, 'processing');
INSERT INTO orders (order_id, customer_id, order_date, status) VALUES (31, 4, 2024-08-25, 'cancelled');
INSERT INTO orders (order_id, customer_id, order_date, status) VALUES (32, 47, 2024-12-09, 'delivered');
INSERT INTO orders (order_id, customer_id, order_date, status) VALUES (33, 7, 2025-03-19, 'shipped');
INSERT INTO orders (order_id, customer_id, order_date, status) VALUES (34, 13, 2025-02-22, 'shipped');
INSERT INTO orders (order_id, customer_id, order_date, status) VALUES (35, 35, 2024-10-02, 'cancelled');
INSERT INTO orders (order_id, customer_id, order_date, status) VALUES (36, 9, 2025-01-06, 'cancelled');
INSERT INTO orders (order_id, customer_id, order_date, status) VALUES (37, 12, 2024-06-05, 'delivered');
INSERT INTO orders (order_id, customer_id, order_date, status) VALUES (38, 30, 2024-09-23, 'shipped');
INSERT INTO orders (order_id, customer_id, order_date, status) VALUES (39, 5, 2024-06-14, 'cancelled');
INSERT INTO orders (order_id, customer_id, order_date, status) VALUES (40, 36, 2025-01-16, 'processing');
INSERT INTO orders (order_id, customer_id, order_date, status) VALUES (41, 4, 2024-10-26, 'processing');
INSERT INTO orders (order_id, customer_id, order_date, status) VALUES (42, 6, 2024-12-15, 'shipped');
INSERT INTO orders (order_id, customer_id, order_date, status) VALUES (43, 11, 2024-07-20, 'cancelled');
INSERT INTO orders (order_id, customer_id, order_date, status) VALUES (44, 32, 2024-12-02, 'cancelled');
INSERT INTO orders (order_id, customer_id, order_date, status) VALUES (45, 14, 2025-02-14, 'cancelled');
INSERT INTO orders (order_id, customer_id, order_date, status) VALUES (46, 4, 2025-03-30, 'shipped');
INSERT INTO orders (order_id, customer_id, order_date, status) VALUES (47, 25, 2024-11-02, 'processing');
INSERT INTO orders (order_id, customer_id, order_date, status) VALUES (48, 25, 2025-02-01, 'delivered');
INSERT INTO orders (order_id, customer_id, order_date, status) VALUES (49, 30, 2024-10-11, 'delivered');
INSERT INTO orders (order_id, customer_id, order_date, status) VALUES (50, 28, 2024-10-04, 'cancelled');
INSERT INTO orders (order_id, customer_id, order_date, status) VALUES (51, 10, 2024-09-23, 'shipped');
INSERT INTO orders (order_id, customer_id, order_date, status) VALUES (52, 19, 2025-02-21, 'shipped');
INSERT INTO orders (order_id, customer_id, order_date, status) VALUES (53, 4, 2025-01-15, 'processing');
INSERT INTO orders (order_id, customer_id, order_date, status) VALUES (54, 48, 2024-11-23, 'delivered');
INSERT INTO orders (order_id, customer_id, order_date, status) VALUES (55, 4, 2024-07-20, 'processing');
INSERT INTO orders (order_id, customer_id, order_date, status) VALUES (56, 38, 2024-08-10, 'cancelled');
INSERT INTO orders (order_id, customer_id, order_date, status) VALUES (57, 33, 2025-03-03, 'shipped');
INSERT INTO orders (order_id, customer_id, order_date, status) VALUES (58, 4, 2024-07-11, 'processing');
INSERT INTO orders (order_id, customer_id, order_date, status) VALUES (59, 12, 2025-02-23, 'processing');
INSERT INTO orders (order_id, customer_id, order_date, status) VALUES (60, 39, 2025-04-04, 'processing');
INSERT INTO orders (order_id, customer_id, order_date, status) VALUES (61, 44, 2024-05-10, 'shipped');
INSERT INTO orders (order_id, customer_id, order_date, status) VALUES (62, 26, 2024-07-24, 'processing');
INSERT INTO orders (order_id, customer_id, order_date, status) VALUES (63, 37, 2025-03-15, 'shipped');
INSERT INTO orders (order_id, customer_id, order_date, status) VALUES (64, 38, 2024-09-29, 'processing');
INSERT INTO orders (order_id, customer_id, order_date, status) VALUES (65, 40, 2024-07-10, 'processing');
INSERT INTO orders (order_id, customer_id, order_date, status) VALUES (66, 27, 2025-01-23, 'delivered');
INSERT INTO orders (order_id, customer_id, order_date, status) VALUES (67, 17, 2024-10-04, 'shipped');
INSERT INTO orders (order_id, customer_id, order_date, status) VALUES (68, 43, 2024-11-14, 'delivered');
INSERT INTO orders (order_id, customer_id, order_date, status) VALUES (69, 16, 2024-11-30, 'delivered');
INSERT INTO orders (order_id, customer_id, order_date, status) VALUES (70, 26, 2024-12-22, 'shipped');
INSERT INTO orders (order_id, customer_id, order_date, status) VALUES (71, 43, 2024-09-01, 'delivered');
INSERT INTO orders (order_id, customer_id, order_date, status) VALUES (72, 30, 2024-08-15, 'delivered');
INSERT INTO orders (order_id, customer_id, order_date, status) VALUES (73, 49, 2024-04-18, 'processing');
INSERT INTO orders (order_id, customer_id, order_date, status) VALUES (74, 1, 2024-10-15, 'cancelled');
INSERT INTO orders (order_id, customer_id, order_date, status) VALUES (75, 40, 2025-03-03, 'processing');
INSERT INTO orders (order_id, customer_id, order_date, status) VALUES (76, 5, 2024-08-11, 'shipped');
INSERT INTO orders (order_id, customer_id, order_date, status) VALUES (77, 33, 2024-06-16, 'delivered');
INSERT INTO orders (order_id, customer_id, order_date, status) VALUES (78, 9, 2024-10-13, 'delivered');
INSERT INTO orders (order_id, customer_id, order_date, status) VALUES (79, 5, 2024-06-28, 'shipped');
INSERT INTO orders (order_id, customer_id, order_date, status) VALUES (80, 24, 2024-08-22, 'delivered');
INSERT INTO order_items (order_item_id, order_id, product_id, quantity, price) VALUES (1, 21, 57, 5, 730);
INSERT INTO order_items (order_item_id, order_id, product_id, quantity, price) VALUES (2, 39, 79, 5, 18);
INSERT INTO order_items (order_item_id, order_id, product_id, quantity, price) VALUES (3, 71, 39, 1, 971);
INSERT INTO order_items (order_item_id, order_id, product_id, quantity, price) VALUES (4, 18, 34, 1, 921);
INSERT INTO order_items (order_item_id, order_id, product_id, quantity, price) VALUES (5, 14, 96, 5, 169);
INSERT INTO order_items (order_item_id, order_id, product_id, quantity, price) VALUES (6, 35, 37, 5, 225);
INSERT INTO order_items (order_item_id, order_id, product_id, quantity, price) VALUES (7, 44, 27, 3, 527);
INSERT INTO order_items (order_item_id, order_id, product_id, quantity, price) VALUES (8, 63, 33, 1, 104);
INSERT INTO order_items (order_item_id, order_id, product_id, quantity, price) VALUES (9, 55, 36, 1, 13);
INSERT INTO order_items (order_item_id, order_id, product_id, quantity, price) VALUES (10, 43, 99, 2, 662);
INSERT INTO order_items (order_item_id, order_id, product_id, quantity, price) VALUES (11, 34, 21, 4, 574);
INSERT INTO order_items (order_item_id, order_id, product_id, quantity, price) VALUES (12, 55, 72, 1, 124);
INSERT INTO order_items (order_item_id, order_id, product_id, quantity, price) VALUES (13, 10, 89, 2, 568);
INSERT INTO order_items (order_item_id, order_id, product_id, quantity, price) VALUES (14, 5, 48, 5, 575);
INSERT INTO order_items (order_item_id, order_id, product_id, quantity, price) VALUES (15, 19, 56, 2, 52);
INSERT INTO order_items (order_item_id, order_id, product_id, quantity, price) VALUES (16, 40, 47, 1, 930);
INSERT INTO order_items (order_item_id, order_id, product_id, quantity, price) VALUES (17, 46, 27, 2, 692);
INSERT INTO order_items (order_item_id, order_id, product_id, quantity, price) VALUES (18, 14, 46, 5, 915);
INSERT INTO order_items (order_item_id, order_id, product_id, quantity, price) VALUES (19, 53, 80, 2, 957);
INSERT INTO order_items (order_item_id, order_id, product_id, quantity, price) VALUES (20, 31, 21, 2, 912);
INSERT INTO order_items (order_item_id, order_id, product_id, quantity, price) VALUES (21, 53, 4, 2, 764);
INSERT INTO order_items (order_item_id, order_id, product_id, quantity, price) VALUES (22, 43, 53, 2, 283);
INSERT INTO order_items (order_item_id, order_id, product_id, quantity, price) VALUES (23, 21, 90, 1, 401);
INSERT INTO order_items (order_item_id, order_id, product_id, quantity, price) VALUES (24, 5, 61, 2, 214);
INSERT INTO order_items (order_item_id, order_id, product_id, quantity, price) VALUES (25, 59, 45, 3, 850);
INSERT INTO order_items (order_item_id, order_id, product_id, quantity, price) VALUES (26, 30, 29, 1, 685);
INSERT INTO order_items (order_item_id, order_id, product_id, quantity, price) VALUES (27, 25, 52, 3, 295);
INSERT INTO order_items (order_item_id, order_id, product_id, quantity, price) VALUES (28, 9, 99, 3, 369);
INSERT INTO order_items (order_item_id, order_id, product_id, quantity, price) VALUES (29, 66, 52, 5, 349);
INSERT INTO order_items (order_item_id, order_id, product_id, quantity, price) VALUES (30, 4, 15, 3, 192);
INSERT INTO order_items (order_item_id, order_id, product_id, quantity, price) VALUES (31, 75, 34, 1, 121);
INSERT INTO order_items (order_item_id, order_id, product_id, quantity, price) VALUES (32, 77, 56, 3, 756);
INSERT INTO order_items (order_item_id, order_id, product_id, quantity, price) VALUES (33, 41, 56, 5, 533);
INSERT INTO order_items (order_item_id, order_id, product_id, quantity, price) VALUES (34, 15, 50, 5, 204);
INSERT INTO order_items (order_item_id, order_id, product_id, quantity, price) VALUES (35, 33, 6, 4, 11);
INSERT INTO order_items (order_item_id, order_id, product_id, quantity, price) VALUES (36, 67, 69, 2, 382);
INSERT INTO order_items (order_item_id, order_id, product_id, quantity, price) VALUES (37, 56, 9, 3, 648);
INSERT INTO order_items (order_item_id, order_id, product_id, quantity, price) VALUES (38, 41, 85, 1, 747);
INSERT INTO order_items (order_item_id, order_id, product_id, quantity, price) VALUES (39, 39, 65, 3, 692);
INSERT INTO order_items (order_item_id, order_id, product_id, quantity, price) VALUES (40, 53, 42, 4, 723);
INSERT INTO order_items (order_item_id, order_id, product_id, quantity, price) VALUES (41, 38, 71, 2, 206);
INSERT INTO order_items (order_item_id, order_id, product_id, quantity, price) VALUES (42, 54, 86, 4, 703);
INSERT INTO order_items (order_item_id, order_id, product_id, quantity, price) VALUES (43, 23, 79, 5, 318);
INSERT INTO order_items (order_item_id, order_id, product_id, quantity, price) VALUES (44, 52, 71, 1, 321);
INSERT INTO order_items (order_item_id, order_id, product_id, quantity, price) VALUES (45, 37, 27, 4, 814);
INSERT INTO order_items (order_item_id, order_id, product_id, quantity, price) VALUES (46, 75, 78, 3, 486);
INSERT INTO order_items (order_item_id, order_id, product_id, quantity, price) VALUES (47, 57, 57, 2, 533);
INSERT INTO order_items (order_item_id, order_id, product_id, quantity, price) VALUES (48, 61, 95, 2, 684);
INSERT INTO order_items (order_item_id, order_id, product_id, quantity, price) VALUES (49, 11, 37, 5, 689);
INSERT INTO order_items (order_item_id, order_id, product_id, quantity, price) VALUES (50, 80, 43, 1, 848);
INSERT INTO order_items (order_item_id, order_id, product_id, quantity, price) VALUES (51, 31, 87, 3, 240);
INSERT INTO order_items (order_item_id, order_id, product_id, quantity, price) VALUES (52, 26, 19, 1, 57);
INSERT INTO order_items (order_item_id, order_id, product_id, quantity, price) VALUES (53, 32, 61, 5, 880);
INSERT INTO order_items (order_item_id, order_id, product_id, quantity, price) VALUES (54, 10, 59, 4, 917);
INSERT INTO order_items (order_item_id, order_id, product_id, quantity, price) VALUES (55, 74, 25, 4, 516);
INSERT INTO order_items (order_item_id, order_id, product_id, quantity, price) VALUES (56, 52, 32, 2, 681);
INSERT INTO order_items (order_item_id, order_id, product_id, quantity, price) VALUES (57, 1, 97, 1, 807);
INSERT INTO order_items (order_item_id, order_id, product_id, quantity, price) VALUES (58, 55, 29, 2, 833);
INSERT INTO order_items (order_item_id, order_id, product_id, quantity, price) VALUES (59, 67, 60, 1, 580);
INSERT INTO order_items (order_item_id, order_id, product_id, quantity, price) VALUES (60, 32, 16, 4, 146);
INSERT INTO order_items (order_item_id, order_id, product_id, quantity, price) VALUES (61, 60, 86, 5, 582);
INSERT INTO order_items (order_item_id, order_id, product_id, quantity, price) VALUES (62, 77, 41, 4, 637);
INSERT INTO order_items (order_item_id, order_id, product_id, quantity, price) VALUES (63, 65, 55, 5, 466);
INSERT INTO order_items (order_item_id, order_id, product_id, quantity, price) VALUES (64, 21, 96, 4, 470);
INSERT INTO order_items (order_item_id, order_id, product_id, quantity, price) VALUES (65, 34, 97, 2, 870);
INSERT INTO order_items (order_item_id, order_id, product_id, quantity, price) VALUES (66, 36, 99, 5, 506);
INSERT INTO order_items (order_item_id, order_id, product_id, quantity, price) VALUES (67, 31, 36, 4, 89);
INSERT INTO order_items (order_item_id, order_id, product_id, quantity, price) VALUES (68, 37, 31, 3, 353);
INSERT INTO order_items (order_item_id, order_id, product_id, quantity, price) VALUES (69, 41, 70, 1, 151);
INSERT INTO order_items (order_item_id, order_id, product_id, quantity, price) VALUES (70, 20, 30, 4, 720);
INSERT INTO order_items (order_item_id, order_id, product_id, quantity, price) VALUES (71, 20, 91, 2, 75);
INSERT INTO order_items (order_item_id, order_id, product_id, quantity, price) VALUES (72, 54, 53, 3, 565);
INSERT INTO order_items (order_item_id, order_id, product_id, quantity, price) VALUES (73, 60, 54, 1, 221);
INSERT INTO order_items (order_item_id, order_id, product_id, quantity, price) VALUES (74, 54, 50, 5, 978);
INSERT INTO order_items (order_item_id, order_id, product_id, quantity, price) VALUES (75, 3, 98, 5, 399);
INSERT INTO order_items (order_item_id, order_id, product_id, quantity, price) VALUES (76, 62, 1, 3, 315);
INSERT INTO order_items (order_item_id, order_id, product_id, quantity, price) VALUES (77, 50, 54, 5, 775);
INSERT INTO order_items (order_item_id, order_id, product_id, quantity, price) VALUES (78, 70, 78, 2, 509);
INSERT INTO order_items (order_item_id, order_id, product_id, quantity, price) VALUES (79, 29, 35, 4, 507);
INSERT INTO order_items (order_item_id, order_id, product_id, quantity, price) VALUES (80, 4, 50, 3, 694);
INSERT INTO order_items (order_item_id, order_id, product_id, quantity, price) VALUES (81, 52, 93, 2, 870);
INSERT INTO order_items (order_item_id, order_id, product_id, quantity, price) VALUES (82, 60, 17, 5, 556);
INSERT INTO order_items (order_item_id, order_id, product_id, quantity, price) VALUES (83, 4, 51, 5, 587);
INSERT INTO order_items (order_item_id, order_id, product_id, quantity, price) VALUES (84, 4, 11, 4, 148);
INSERT INTO order_items (order_item_id, order_id, product_id, quantity, price) VALUES (85, 60, 24, 1, 276);
INSERT INTO order_items (order_item_id, order_id, product_id, quantity, price) VALUES (86, 49, 42, 2, 475);
INSERT INTO order_items (order_item_id, order_id, product_id, quantity, price) VALUES (87, 42, 44, 4, 294);
INSERT INTO order_items (order_item_id, order_id, product_id, quantity, price) VALUES (88, 54, 33, 1, 491);
INSERT INTO order_items (order_item_id, order_id, product_id, quantity, price) VALUES (89, 3, 96, 5, 63);
INSERT INTO order_items (order_item_id, order_id, product_id, quantity, price) VALUES (90, 45, 29, 1, 809);
INSERT INTO order_items (order_item_id, order_id, product_id, quantity, price) VALUES (91, 6, 97, 1, 982);
INSERT INTO order_items (order_item_id, order_id, product_id, quantity, price) VALUES (92, 32, 26, 1, 646);
INSERT INTO order_items (order_item_id, order_id, product_id, quantity, price) VALUES (93, 20, 31, 2, 494);
INSERT INTO order_items (order_item_id, order_id, product_id, quantity, price) VALUES (94, 15, 73, 2, 486);
INSERT INTO order_items (order_item_id, order_id, product_id, quantity, price) VALUES (95, 33, 99, 3, 181);
INSERT INTO order_items (order_item_id, order_id, product_id, quantity, price) VALUES (96, 78, 78, 1, 806);
INSERT INTO order_items (order_item_id, order_id, product_id, quantity, price) VALUES (97, 21, 40, 1, 602);
INSERT INTO order_items (order_item_id, order_id, product_id, quantity, price) VALUES (98, 4, 40, 5, 703);
INSERT INTO order_items (order_item_id, order_id, product_id, quantity, price) VALUES (99, 49, 51, 2, 87);
INSERT INTO order_items (order_item_id, order_id, product_id, quantity, price) VALUES (100, 76, 89, 2, 114);
INSERT INTO order_items (order_item_id, order_id, product_id, quantity, price) VALUES (101, 39, 88, 5, 834);
INSERT INTO order_items (order_item_id, order_id, product_id, quantity, price) VALUES (102, 16, 73, 1, 365);
INSERT INTO order_items (order_item_id, order_id, product_id, quantity, price) VALUES (103, 69, 55, 3, 80);
INSERT INTO order_items (order_item_id, order_id, product_id, quantity, price) VALUES (104, 65, 83, 3, 22);
INSERT INTO order_items (order_item_id, order_id, product_id, quantity, price) VALUES (105, 54, 63, 1, 453);
INSERT INTO order_items (order_item_id, order_id, product_id, quantity, price) VALUES (106, 47, 82, 4, 734);
INSERT INTO order_items (order_item_id, order_id, product_id, quantity, price) VALUES (107, 20, 56, 2, 761);
INSERT INTO order_items (order_item_id, order_id, product_id, quantity, price) VALUES (108, 67, 84, 3, 640);
INSERT INTO order_items (order_item_id, order_id, product_id, quantity, price) VALUES (109, 69, 100, 4, 486);
INSERT INTO order_items (order_item_id, order_id, product_id, quantity, price) VALUES (110, 56, 94, 5, 284);
INSERT INTO order_items (order_item_id, order_id, product_id, quantity, price) VALUES (111, 42, 32, 1, 295);
INSERT INTO order_items (order_item_id, order_id, product_id, quantity, price) VALUES (112, 58, 32, 4, 593);
INSERT INTO order_items (order_item_id, order_id, product_id, quantity, price) VALUES (113, 79, 86, 4, 354);
INSERT INTO order_items (order_item_id, order_id, product_id, quantity, price) VALUES (114, 4, 64, 3, 196);
INSERT INTO order_items (order_item_id, order_id, product_id, quantity, price) VALUES (115, 63, 28, 3, 826);
INSERT INTO order_items (order_item_id, order_id, product_id, quantity, price) VALUES (116, 34, 44, 3, 911);
INSERT INTO order_items (order_item_id, order_id, product_id, quantity, price) VALUES (117, 77, 90, 3, 579);
INSERT INTO order_items (order_item_id, order_id, product_id, quantity, price) VALUES (118, 2, 67, 2, 97);
INSERT INTO order_items (order_item_id, order_id, product_id, quantity, price) VALUES (119, 31, 93, 4, 510);
INSERT INTO order_items (order_item_id, order_id, product_id, quantity, price) VALUES (120, 72, 98, 2, 717);
INSERT INTO order_items (order_item_id, order_id, product_id, quantity, price) VALUES (121, 61, 83, 4, 468);
INSERT INTO order_items (order_item_id, order_id, product_id, quantity, price) VALUES (122, 3, 12, 3, 236);
INSERT INTO order_items (order_item_id, order_id, product_id, quantity, price) VALUES (123, 52, 89, 2, 323);
INSERT INTO order_items (order_item_id, order_id, product_id, quantity, price) VALUES (124, 75, 48, 4, 576);
INSERT INTO order_items (order_item_id, order_id, product_id, quantity, price) VALUES (125, 68, 45, 4, 773);
INSERT INTO order_items (order_item_id, order_id, product_id, quantity, price) VALUES (126, 71, 43, 3, 729);
INSERT INTO order_items (order_item_id, order_id, product_id, quantity, price) VALUES (127, 59, 35, 3, 267);
INSERT INTO order_items (order_item_id, order_id, product_id, quantity, price) VALUES (128, 30, 16, 2, 333);
INSERT INTO order_items (order_item_id, order_id, product_id, quantity, price) VALUES (129, 16, 96, 5, 983);
INSERT INTO order_items (order_item_id, order_id, product_id, quantity, price) VALUES (130, 24, 25, 2, 766);
INSERT INTO order_items (order_item_id, order_id, product_id, quantity, price) VALUES (131, 62, 36, 5, 788);
INSERT INTO order_items (order_item_id, order_id, product_id, quantity, price) VALUES (132, 68, 77, 3, 112);
INSERT INTO order_items (order_item_id, order_id, product_id, quantity, price) VALUES (133, 25, 38, 2, 379);
INSERT INTO order_items (order_item_id, order_id, product_id, quantity, price) VALUES (134, 23, 39, 1, 735);
INSERT INTO order_items (order_item_id, order_id, product_id, quantity, price) VALUES (135, 69, 17, 3, 56);
INSERT INTO order_items (order_item_id, order_id, product_id, quantity, price) VALUES (136, 7, 71, 3, 724);
INSERT INTO order_items (order_item_id, order_id, product_id, quantity, price) VALUES (137, 17, 82, 4, 115);
INSERT INTO order_items (order_item_id, order_id, product_id, quantity, price) VALUES (138, 2, 74, 3, 490);
INSERT INTO order_items (order_item_id, order_id, product_id, quantity, price) VALUES (139, 62, 57, 3, 198);
INSERT INTO order_items (order_item_id, order_id, product_id, quantity, price) VALUES (140, 7, 33, 4, 126);
INSERT INTO order_items (order_item_id, order_id, product_id, quantity, price) VALUES (141, 9, 52, 4, 85);
INSERT INTO order_items (order_item_id, order_id, product_id, quantity, price) VALUES (142, 74, 81, 1, 165);
INSERT INTO order_items (order_item_id, order_id, product_id, quantity, price) VALUES (143, 20, 73, 3, 97);
INSERT INTO order_items (order_item_id, order_id, product_id, quantity, price) VALUES (144, 32, 16, 5, 792);
INSERT INTO order_items (order_item_id, order_id, product_id, quantity, price) VALUES (145, 54, 78, 5, 819);
INSERT INTO order_items (order_item_id, order_id, product_id, quantity, price) VALUES (146, 80, 29, 5, 399);
INSERT INTO order_items (order_item_id, order_id, product_id, quantity, price) VALUES (147, 58, 57, 3, 890);
INSERT INTO order_items (order_item_id, order_id, product_id, quantity, price) VALUES (148, 76, 55, 3, 592);
INSERT INTO order_items (order_item_id, order_id, product_id, quantity, price) VALUES (149, 80, 8, 5, 993);
INSERT INTO order_items (order_item_id, order_id, product_id, quantity, price) VALUES (150, 13, 98, 2, 650);
INSERT INTO order_items (order_item_id, order_id, product_id, quantity, price) VALUES (151, 28, 34, 1, 170);
INSERT INTO order_items (order_item_id, order_id, product_id, quantity, price) VALUES (152, 31, 23, 5, 86);
INSERT INTO order_items (order_item_id, order_id, product_id, quantity, price) VALUES (153, 21, 1, 4, 471);
INSERT INTO order_items (order_item_id, order_id, product_id, quantity, price) VALUES (154, 77, 61, 3, 43);
INSERT INTO order_items (order_item_id, order_id, product_id, quantity, price) VALUES (155, 30, 37, 3, 729);
INSERT INTO order_items (order_item_id, order_id, product_id, quantity, price) VALUES (156, 59, 10, 2, 956);
INSERT INTO order_items (order_item_id, order_id, product_id, quantity, price) VALUES (157, 34, 81, 5, 687);
INSERT INTO order_items (order_item_id, order_id, product_id, quantity, price) VALUES (158, 26, 55, 1, 567);
INSERT INTO order_items (order_item_id, order_id, product_id, quantity, price) VALUES (159, 29, 83, 2, 940);
INSERT INTO order_items (order_item_id, order_id, product_id, quantity, price) VALUES (160, 35, 19, 1, 71);
INSERT INTO order_items (order_item_id, order_id, product_id, quantity, price) VALUES (161, 22, 40, 5, 776);
INSERT INTO order_items (order_item_id, order_id, product_id, quantity, price) VALUES (162, 73, 37, 4, 137);
INSERT INTO order_items (order_item_id, order_id, product_id, quantity, price) VALUES (163, 60, 89, 3, 726);
INSERT INTO order_items (order_item_id, order_id, product_id, quantity, price) VALUES (164, 52, 35, 5, 562);
INSERT INTO order_items (order_item_id, order_id, product_id, quantity, price) VALUES (165, 64, 57, 1, 622);
INSERT INTO order_items (order_item_id, order_id, product_id, quantity, price) VALUES (166, 6, 56, 3, 628);
INSERT INTO order_items (order_item_id, order_id, product_id, quantity, price) VALUES (167, 33, 4, 1, 244);
INSERT INTO order_items (order_item_id, order_id, product_id, quantity, price) VALUES (168, 74, 76, 1, 793);
INSERT INTO order_items (order_item_id, order_id, product_id, quantity, price) VALUES (169, 35, 74, 1, 791);
INSERT INTO order_items (order_item_id, order_id, product_id, quantity, price) VALUES (170, 23, 61, 5, 677);
INSERT INTO order_items (order_item_id, order_id, product_id, quantity, price) VALUES (171, 57, 36, 2, 609);
INSERT INTO order_items (order_item_id, order_id, product_id, quantity, price) VALUES (172, 56, 82, 4, 103);
INSERT INTO order_items (order_item_id, order_id, product_id, quantity, price) VALUES (173, 61, 45, 4, 351);
INSERT INTO order_items (order_item_id, order_id, product_id, quantity, price) VALUES (174, 42, 86, 1, 888);
INSERT INTO order_items (order_item_id, order_id, product_id, quantity, price) VALUES (175, 21, 43, 4, 720);
INSERT INTO order_items (order_item_id, order_id, product_id, quantity, price) VALUES (176, 64, 37, 4, 843);
INSERT INTO order_items (order_item_id, order_id, product_id, quantity, price) VALUES (177, 71, 5, 4, 100);
INSERT INTO order_items (order_item_id, order_id, product_id, quantity, price) VALUES (178, 41, 33, 3, 128);
INSERT INTO order_items (order_item_id, order_id, product_id, quantity, price) VALUES (179, 52, 66, 1, 683);
INSERT INTO order_items (order_item_id, order_id, product_id, quantity, price) VALUES (180, 70, 60, 4, 65);
INSERT INTO order_items (order_item_id, order_id, product_id, quantity, price) VALUES (181, 25, 67, 3, 647);
INSERT INTO order_items (order_item_id, order_id, product_id, quantity, price) VALUES (182, 64, 81, 4, 788);
INSERT INTO order_items (order_item_id, order_id, product_id, quantity, price) VALUES (183, 7, 27, 3, 572);
INSERT INTO order_items (order_item_id, order_id, product_id, quantity, price) VALUES (184, 17, 37, 4, 911);
INSERT INTO order_items (order_item_id, order_id, product_id, quantity, price) VALUES (185, 63, 16, 1, 655);
INSERT INTO order_items (order_item_id, order_id, product_id, quantity, price) VALUES (186, 78, 31, 2, 328);
INSERT INTO order_items (order_item_id, order_id, product_id, quantity, price) VALUES (187, 71, 2, 5, 427);
INSERT INTO order_items (order_item_id, order_id, product_id, quantity, price) VALUES (188, 12, 29, 1, 482);
INSERT INTO order_items (order_item_id, order_id, product_id, quantity, price) VALUES (189, 16, 83, 2, 520);
INSERT INTO order_items (order_item_id, order_id, product_id, quantity, price) VALUES (190, 38, 66, 3, 435);
INSERT INTO order_items (order_item_id, order_id, product_id, quantity, price) VALUES (191, 62, 61, 2, 477);
INSERT INTO order_items (order_item_id, order_id, product_id, quantity, price) VALUES (192, 71, 19, 4, 205);
INSERT INTO order_items (order_item_id, order_id, product_id, quantity, price) VALUES (193, 77, 66, 2, 894);
INSERT INTO order_items (order_item_id, order_id, product_id, quantity, price) VALUES (194, 9, 36, 4, 358);
INSERT INTO order_items (order_item_id, order_id, product_id, quantity, price) VALUES (195, 65, 35, 1, 299);
INSERT INTO order_items (order_item_id, order_id, product_id, quantity, price) VALUES (196, 39, 76, 5, 685);
INSERT INTO order_items (order_item_id, order_id, product_id, quantity, price) VALUES (197, 63, 20, 4, 561);
INSERT INTO order_items (order_item_id, order_id, product_id, quantity, price) VALUES (198, 62, 45, 3, 575);
INSERT INTO order_items (order_item_id, order_id, product_id, quantity, price) VALUES (199, 70, 49, 4, 965);
INSERT INTO order_items (order_item_id, order_id, product_id, quantity, price) VALUES (200, 42, 25, 2, 595);
INSERT INTO returns (return_id, order_item_id, return_date, reason) VALUES (1, 99, 2025-04-07, 'defective');
INSERT INTO returns (return_id, order_item_id, return_date, reason) VALUES (2, 199, 2025-04-07, 'not as described');
INSERT INTO returns (return_id, order_item_id, return_date, reason) VALUES (3, 12, 2025-04-07, 'not as described');
INSERT INTO returns (return_id, order_item_id, return_date, reason) VALUES (4, 191, 2025-04-07, 'not as described');
INSERT INTO returns (return_id, order_item_id, return_date, reason) VALUES (5, 181, 2025-04-07, 'not as described');
INSERT INTO returns (return_id, order_item_id, return_date, reason) VALUES (6, 99, 2025-04-07, 'wrong item');
INSERT INTO returns (return_id, order_item_id, return_date, reason) VALUES (7, 167, 2025-04-07, 'defective');
INSERT INTO returns (return_id, order_item_id, return_date, reason) VALUES (8, 127, 2025-04-07, 'defective');
INSERT INTO returns (return_id, order_item_id, return_date, reason) VALUES (9, 33, 2025-04-07, 'wrong item');
INSERT INTO returns (return_id, order_item_id, return_date, reason) VALUES (10, 152, 2025-04-07, 'not as described');
INSERT INTO returns (return_id, order_item_id, return_date, reason) VALUES (11, 26, 2025-04-07, 'not as described');
INSERT INTO returns (return_id, order_item_id, return_date, reason) VALUES (12, 26, 2025-04-07, 'wrong item');
INSERT INTO returns (return_id, order_item_id, return_date, reason) VALUES (13, 117, 2025-04-07, 'defective');
INSERT INTO returns (return_id, order_item_id, return_date, reason) VALUES (14, 185, 2025-04-07, 'defective');
INSERT INTO returns (return_id, order_item_id, return_date, reason) VALUES (15, 105, 2025-04-07, 'wrong item');
INSERT INTO returns (return_id, order_item_id, return_date, reason) VALUES (16, 40, 2025-04-07, 'defective');
INSERT INTO returns (return_id, order_item_id, return_date, reason) VALUES (17, 121, 2025-04-07, 'not as described');
INSERT INTO returns (return_id, order_item_id, return_date, reason) VALUES (18, 87, 2025-04-07, 'wrong item');
INSERT INTO returns (return_id, order_item_id, return_date, reason) VALUES (19, 178, 2025-04-07, 'not as described');
INSERT INTO returns (return_id, order_item_id, return_date, reason) VALUES (20, 167, 2025-04-07, 'defective');
INSERT INTO payments (payment_id, order_id, payment_date, amount, payment_method) VALUES (1, 1, 2024-05-13, 1794, 'paypal');
INSERT INTO payments (payment_id, order_id, payment_date, amount, payment_method) VALUES (2, 2, 2024-07-30, 1795, 'bank transfer');
INSERT INTO payments (payment_id, order_id, payment_date, amount, payment_method) VALUES (3, 3, 2024-07-02, 1809, 'bank transfer');
INSERT INTO payments (payment_id, order_id, payment_date, amount, payment_method) VALUES (4, 4, 2024-09-11, 828, 'paypal');
INSERT INTO payments (payment_id, order_id, payment_date, amount, payment_method) VALUES (5, 5, 2024-12-31, 1333, 'bank transfer');
INSERT INTO payments (payment_id, order_id, payment_date, amount, payment_method) VALUES (6, 6, 2024-07-10, 1867, 'paypal');
INSERT INTO payments (payment_id, order_id, payment_date, amount, payment_method) VALUES (7, 7, 2024-08-03, 1836, 'bank transfer');
INSERT INTO payments (payment_id, order_id, payment_date, amount, payment_method) VALUES (8, 8, 2024-12-20, 123, 'bank transfer');
INSERT INTO payments (payment_id, order_id, payment_date, amount, payment_method) VALUES (9, 9, 2024-11-18, 190, 'card');
INSERT INTO payments (payment_id, order_id, payment_date, amount, payment_method) VALUES (10, 10, 2024-08-28, 1342, 'bank transfer');
INSERT INTO payments (payment_id, order_id, payment_date, amount, payment_method) VALUES (11, 11, 2024-10-07, 1936, 'paypal');
INSERT INTO payments (payment_id, order_id, payment_date, amount, payment_method) VALUES (12, 12, 2024-11-07, 515, 'bank transfer');
INSERT INTO payments (payment_id, order_id, payment_date, amount, payment_method) VALUES (13, 13, 2024-10-30, 235, 'paypal');
INSERT INTO payments (payment_id, order_id, payment_date, amount, payment_method) VALUES (14, 14, 2024-08-18, 251, 'bank transfer');
INSERT INTO payments (payment_id, order_id, payment_date, amount, payment_method) VALUES (15, 15, 2024-09-19, 1491, 'card');
INSERT INTO payments (payment_id, order_id, payment_date, amount, payment_method) VALUES (16, 16, 2025-01-21, 958, 'card');
INSERT INTO payments (payment_id, order_id, payment_date, amount, payment_method) VALUES (17, 17, 2024-11-06, 1471, 'paypal');
INSERT INTO payments (payment_id, order_id, payment_date, amount, payment_method) VALUES (18, 18, 2024-08-13, 1900, 'card');
INSERT INTO payments (payment_id, order_id, payment_date, amount, payment_method) VALUES (19, 19, 2024-08-21, 144, 'paypal');
INSERT INTO payments (payment_id, order_id, payment_date, amount, payment_method) VALUES (20, 20, 2025-01-04, 1680, 'card');
INSERT INTO payments (payment_id, order_id, payment_date, amount, payment_method) VALUES (21, 21, 2024-09-30, 650, 'paypal');
INSERT INTO payments (payment_id, order_id, payment_date, amount, payment_method) VALUES (22, 22, 2024-07-21, 817, 'paypal');
INSERT INTO payments (payment_id, order_id, payment_date, amount, payment_method) VALUES (23, 23, 2024-08-04, 348, 'card');
INSERT INTO payments (payment_id, order_id, payment_date, amount, payment_method) VALUES (24, 24, 2024-07-13, 1137, 'paypal');
INSERT INTO payments (payment_id, order_id, payment_date, amount, payment_method) VALUES (25, 25, 2024-07-05, 1209, 'bank transfer');
INSERT INTO payments (payment_id, order_id, payment_date, amount, payment_method) VALUES (26, 26, 2024-05-23, 1673, 'card');
INSERT INTO payments (payment_id, order_id, payment_date, amount, payment_method) VALUES (27, 27, 2025-01-12, 398, 'card');
INSERT INTO payments (payment_id, order_id, payment_date, amount, payment_method) VALUES (28, 28, 2024-06-20, 211, 'bank transfer');
INSERT INTO payments (payment_id, order_id, payment_date, amount, payment_method) VALUES (29, 29, 2024-08-07, 1833, 'paypal');
INSERT INTO payments (payment_id, order_id, payment_date, amount, payment_method) VALUES (30, 30, 2024-05-23, 1319, 'bank transfer');
INSERT INTO payments (payment_id, order_id, payment_date, amount, payment_method) VALUES (31, 31, 2025-01-20, 543, 'paypal');
INSERT INTO payments (payment_id, order_id, payment_date, amount, payment_method) VALUES (32, 32, 2024-11-01, 1919, 'bank transfer');
INSERT INTO payments (payment_id, order_id, payment_date, amount, payment_method) VALUES (33, 33, 2025-01-28, 343, 'card');
INSERT INTO payments (payment_id, order_id, payment_date, amount, payment_method) VALUES (34, 34, 2024-12-31, 994, 'bank transfer');
INSERT INTO payments (payment_id, order_id, payment_date, amount, payment_method) VALUES (35, 35, 2024-06-17, 570, 'paypal');
INSERT INTO payments (payment_id, order_id, payment_date, amount, payment_method) VALUES (36, 36, 2024-06-20, 572, 'bank transfer');
INSERT INTO payments (payment_id, order_id, payment_date, amount, payment_method) VALUES (37, 37, 2024-06-30, 69, 'paypal');
INSERT INTO payments (payment_id, order_id, payment_date, amount, payment_method) VALUES (38, 38, 2025-01-18, 1895, 'paypal');
INSERT INTO payments (payment_id, order_id, payment_date, amount, payment_method) VALUES (39, 39, 2024-10-12, 1437, 'bank transfer');
INSERT INTO payments (payment_id, order_id, payment_date, amount, payment_method) VALUES (40, 40, 2024-07-23, 373, 'card');
INSERT INTO payments (payment_id, order_id, payment_date, amount, payment_method) VALUES (41, 41, 2025-01-13, 954, 'paypal');
INSERT INTO payments (payment_id, order_id, payment_date, amount, payment_method) VALUES (42, 42, 2024-11-21, 1253, 'paypal');
INSERT INTO payments (payment_id, order_id, payment_date, amount, payment_method) VALUES (43, 43, 2025-01-27, 1358, 'paypal');
INSERT INTO payments (payment_id, order_id, payment_date, amount, payment_method) VALUES (44, 44, 2024-10-27, 1463, 'paypal');
INSERT INTO payments (payment_id, order_id, payment_date, amount, payment_method) VALUES (45, 45, 2024-11-24, 985, 'paypal');
INSERT INTO payments (payment_id, order_id, payment_date, amount, payment_method) VALUES (46, 46, 2024-07-25, 457, 'paypal');
INSERT INTO payments (payment_id, order_id, payment_date, amount, payment_method) VALUES (47, 47, 2024-05-16, 1797, 'paypal');
INSERT INTO payments (payment_id, order_id, payment_date, amount, payment_method) VALUES (48, 48, 2025-02-24, 268, 'card');
INSERT INTO payments (payment_id, order_id, payment_date, amount, payment_method) VALUES (49, 49, 2024-06-21, 831, 'bank transfer');
INSERT INTO payments (payment_id, order_id, payment_date, amount, payment_method) VALUES (50, 50, 2024-07-31, 785, 'bank transfer');
INSERT INTO payments (payment_id, order_id, payment_date, amount, payment_method) VALUES (51, 51, 2024-07-04, 655, 'bank transfer');
INSERT INTO payments (payment_id, order_id, payment_date, amount, payment_method) VALUES (52, 52, 2024-08-25, 654, 'card');
INSERT INTO payments (payment_id, order_id, payment_date, amount, payment_method) VALUES (53, 53, 2024-06-15, 1749, 'bank transfer');
INSERT INTO payments (payment_id, order_id, payment_date, amount, payment_method) VALUES (54, 54, 2024-08-02, 860, 'paypal');
INSERT INTO payments (payment_id, order_id, payment_date, amount, payment_method) VALUES (55, 55, 2024-04-12, 66, 'bank transfer');
INSERT INTO payments (payment_id, order_id, payment_date, amount, payment_method) VALUES (56, 56, 2025-01-06, 1821, 'bank transfer');
INSERT INTO payments (payment_id, order_id, payment_date, amount, payment_method) VALUES (57, 57, 2024-10-31, 1643, 'bank transfer');
INSERT INTO payments (payment_id, order_id, payment_date, amount, payment_method) VALUES (58, 58, 2024-05-26, 150, 'bank transfer');
INSERT INTO payments (payment_id, order_id, payment_date, amount, payment_method) VALUES (59, 59, 2024-07-22, 1576, 'paypal');
INSERT INTO payments (payment_id, order_id, payment_date, amount, payment_method) VALUES (60, 60, 2024-04-24, 1755, 'paypal');
INSERT INTO payments (payment_id, order_id, payment_date, amount, payment_method) VALUES (61, 61, 2024-04-28, 1638, 'card');
INSERT INTO payments (payment_id, order_id, payment_date, amount, payment_method) VALUES (62, 62, 2024-11-07, 1293, 'paypal');
INSERT INTO payments (payment_id, order_id, payment_date, amount, payment_method) VALUES (63, 63, 2024-07-29, 498, 'bank transfer');
INSERT INTO payments (payment_id, order_id, payment_date, amount, payment_method) VALUES (64, 64, 2025-01-02, 439, 'bank transfer');
INSERT INTO payments (payment_id, order_id, payment_date, amount, payment_method) VALUES (65, 65, 2024-05-26, 563, 'bank transfer');
INSERT INTO payments (payment_id, order_id, payment_date, amount, payment_method) VALUES (66, 66, 2024-12-10, 1597, 'bank transfer');
INSERT INTO payments (payment_id, order_id, payment_date, amount, payment_method) VALUES (67, 67, 2025-03-10, 1621, 'bank transfer');
INSERT INTO payments (payment_id, order_id, payment_date, amount, payment_method) VALUES (68, 68, 2025-01-24, 1444, 'card');
INSERT INTO payments (payment_id, order_id, payment_date, amount, payment_method) VALUES (69, 69, 2024-10-14, 1336, 'card');
INSERT INTO payments (payment_id, order_id, payment_date, amount, payment_method) VALUES (70, 70, 2024-05-16, 1900, 'bank transfer');
INSERT INTO payments (payment_id, order_id, payment_date, amount, payment_method) VALUES (71, 71, 2025-03-11, 1373, 'card');
INSERT INTO payments (payment_id, order_id, payment_date, amount, payment_method) VALUES (72, 72, 2024-04-11, 682, 'paypal');
INSERT INTO payments (payment_id, order_id, payment_date, amount, payment_method) VALUES (73, 73, 2024-11-15, 118, 'bank transfer');
INSERT INTO payments (payment_id, order_id, payment_date, amount, payment_method) VALUES (74, 74, 2024-07-26, 797, 'bank transfer');
INSERT INTO payments (payment_id, order_id, payment_date, amount, payment_method) VALUES (75, 75, 2024-10-06, 319, 'card');
INSERT INTO payments (payment_id, order_id, payment_date, amount, payment_method) VALUES (76, 76, 2024-10-09, 1912, 'paypal');
INSERT INTO payments (payment_id, order_id, payment_date, amount, payment_method) VALUES (77, 77, 2024-09-25, 719, 'bank transfer');
INSERT INTO payments (payment_id, order_id, payment_date, amount, payment_method) VALUES (78, 78, 2024-08-17, 900, 'card');
INSERT INTO payments (payment_id, order_id, payment_date, amount, payment_method) VALUES (79, 79, 2024-06-17, 461, 'card');
INSERT INTO payments (payment_id, order_id, payment_date, amount, payment_method) VALUES (80, 80, 2024-04-26, 1660, 'bank transfer');